{
    "edge_detection": {
        "sobel_mean_intensity": 217.38981291740149,
        "canny_edge_density": 0.34314222119886406
    },
    "segmentation": {
        "otsu_threshold": 127.0,
        "object_count": 4937
    },
    "pattern_recognition": {
        "stripe_intensity_metric": -127.54230926971908
    }
}