{
    "striping_banding": {
        "row_stripe_strength": 0.15488052368164062,
        "col_stripe_strength": 0.18276822566986084
    },
    "snr_analysis": {
        "signal_mean": 0.5009483695030212,
        "noise_std": 0.29013147950172424,
        "snr": 1.7266253232955933
    },
    "artifact_detection": {
        "hot_pixels": 0,
        "dead_pixels": 0,
        "motion_blur_metric": 2.4165284940114855
    }
}